Chrom,Pos,Ref,Alt,Class
chr3,46777881,C,G,T
chr8,120602914,C,T,T
chr3,126228410,G,A,T
chr22,17630486,C,A,T
chr13,25460428,A,G,T
chr14,23248112,A,G,T
chrX,118974507,A,C,T
chr10,27964470,G,A,T
chr4,6302519,G,A,T
chr19,53304563,T,C,F
chr6,31583155,G,A,F
chr7,142247451,C,G,F
chr3,55003733,G,T,F
chrX,48418126,A,G,T
chr2,141473505,A,T,T
chr19,17435887,C,T,T
chrX,132161673,C,T,T
chr13,42185696,T,C,T
chr2,239148575,C,A,T
chr7,135375921,C,A,F
chr16,3085924,G,A,T
chr11,8435077,C,T,T
chr17,7193255,G,A,T
chr7,100550568,T,A,F
chr3,3139957,T,C,T
chr3,14552994,A,G,T
chr5,94728631,G,T,T
chr3,68788363,G,T,T
